Opportunity_ID,Stage
960,True
959,False
961,True
956,False
6985,True
6986,False
12438,True
7149,True
9433,True
9508,True
6987,True
6706,True
7362,True
7364,True
6933,True
3643,True
3645,True
5233,True
3644,False
3371,True
5786,False
6966,False
6685,True
6517,True
6518,False
7565,False
7566,False
6330,False
6331,True
6332,False
6333,False
6334,False
8922,False
8118,False
8117,False
8703,False
990,False
991,True
9242,True
9689,False
10268,True
6975,True
7567,False
7568,True
6567,True
6499,True
8429,False
6968,True
6608,True
7615,True
7113,True
7605,False
7604,False
7613,True
7612,True
9435,False
9156,False
9155,True
9392,False
5837,False
5839,True
3287,True
3289,False
5826,True
3040,True
3186,False
3165,False
3167,True
3166,False
3182,False
3181,False
3183,True
3184,False
3164,False
3185,False
4777,True
4780,False
4781,True
4785,True
4782,False
4783,True
5562,True
5561,False
5190,False
5191,False
5192,False
5193,True
5189,False
5449,False
5450,False
5484,False
5899,False
5898,False
5919,False
5914,True
5917,True
5918,True
5915,False
5916,False
5913,False
5909,True
5911,True
5910,False
5912,False
5908,False
5902,False
5905,True
5904,False
5903,True
5906,False
5907,False
5975,False
5976,False
5977,False
4654,False
4655,False
4656,False
4653,False
4652,False
4657,False
4651,False
4650,False
4649,True
4658,False
2622,True
2802,True
2801,False
3288,True
5000,True
3763,False
5838,True
955,False
957,False
5234,True
5147,False
1027,True
4119,True
2671,True
275,False
279,False
280,False
281,False
711,False
3833,True
4059,True
4831,False
4832,False
5059,False
5040,False
5058,False
5041,True
5062,True
5053,True
5065,False
5052,True
5042,True
5045,False
5046,True
5043,True
5061,False
5054,True
5051,True
5050,False
5048,True
5064,False
6492,True
927,False
6408,False
5810,True
5766,True
4576,True
4590,True
3932,True
4265,True
4266,True
6633,True
536,True
538,False
533,True
5267,False
9229,True
827,True
828,True
823,True
3571,True
3572,True
5980,True
3578,True
3581,True
3580,True
3579,True
3577,True
3582,True
469,True
885,True
886,True
887,True
1859,True
1855,True
1854,True
1852,False
1853,False
1858,False
1856,False
1857,True
4470,True
12439,True
3367,False
3499,True
3498,True
9391,True
7147,True
7148,False
8119,True
9157,True
4111,True
867,True
864,True
4133,True
7436,True
7201,False
7435,True
1063,False
1061,True
1062,True
3701,False
3700,False
888,True
905,True
3765,True
7416,True
12434,False
12435,True
12436,False
1366,True
4260,False
8154,True
6202,True
3674,False
2165,True
3673,False
1627,False
9191,False
7115,False
8746,True
3196,True
3856,True
6077,True
6279,True
6632,True
863,False
5684,False
4540,True
4539,True
9751,True
8428,True
5836,True
3050,True
3052,False
5146,False
3681,True
6409,False
8644,False
8643,False
8783,True
5981,True
6120,False
953,True
6984,True
6983,False
3583,True
7360,False
4663,True
4662,True
4664,False
7363,True
2976,True
2978,True
2977,True
1177,True
1560,True
1796,True
2271,True
2270,True
2272,True
2443,True
2441,True
2442,True
2670,True
3370,True
3374,True
3372,True
3375,False
3373,True
3368,True
272,True
276,True
271,False
273,False
274,False
277,True
278,False
712,True
709,False
707,False
708,False
710,False
706,False
1031,False
1032,False
1033,True
1034,False
1035,False
1036,False
1037,True
1038,False
1039,False
1028,True
1029,True
1030,True
3576,True
3574,False
3573,True
3575,False
3823,False
3820,False
3822,False
3821,True
3827,True
3828,False
3829,True
3830,False
3831,True
3832,False
3826,True
3825,False
3835,False
3834,True
3837,True
3836,True
3819,False
3824,False
4060,False
4061,True
4066,True
4067,False
4068,False
4069,False
4070,False
4071,True
4073,True
4062,False
4064,False
4063,False
4058,False
4065,True
4074,True
4075,True
4076,True
4072,True
4844,True
4845,True
4846,False
4847,False
4848,False
4839,True
4840,True
4841,False
4842,True
4834,True
4835,False
4836,True
4838,False
4833,True
4849,True
4826,False
4828,True
4829,False
4830,False
5039,False
5056,False
5044,False
5055,False
5047,True
5057,True
5060,False
5049,False
5063,True
5768,True
5769,False
5770,True
5771,True
5772,False
5773,False
5774,False
5775,True
5776,True
5777,False
5778,False
5827,True
1178,True
1335,False
1336,True
1333,True
1482,True
1483,False
1964,True
1965,True
1963,False
3482,False
3369,False
6326,False
4884,True
5148,False
5149,True
3250,True
2506,False
537,True
4700,True
811,False
8685,False
8687,True
4207,False
3286,True
3733,True
3735,False
3736,False
3734,False
3732,True
3737,True
6119,False
6965,False
3309,True
3315,True
3313,False
3291,False
3308,False
3314,False
3312,False
3290,False
3310,False
3316,False
3311,False
3292,False
1793,False
1677,False
1639,False
1640,False
1641,True
6386,True
6387,False
6388,False
6389,False
6377,True
6378,False
6379,False
6380,False
6381,False
6382,False
6383,False
6384,False
6385,False
6652,False
6654,False
6653,True
7415,False
7414,False
12437,False
598,False
600,False
599,True
597,False
596,False
642,True
643,True
703,True
705,False
750,False
751,True
889,False
954,True
952,True
1695,False
1891,True
1929,True
2187,True
4333,False
4332,True
4331,True
4330,False
4334,True
4335,True
4336,False
4337,True
4338,False
4340,False
4339,False
4471,True
4472,False
4473,False
4474,True
4475,False
2207,True
2305,True
2503,True
12440,True
2637,True
2638,False
2751,False
2755,True
2992,True
2993,True
3075,True
3076,False
3111,False
3113,True
3114,True
3112,True
2752,True
6988,False
3364,True
3365,True
3366,True
3516,True
5619,True
5618,True
5617,True
5612,True
5621,False
5620,True
5614,False
5613,True
5615,True
5616,True
4630,True
11134,True
8843,True
8083,False
8590,True
8745,True
9434,True
9080,False
10685,True
9817,False
9829,False
10294,True
9705,True
6568,False
6500,True
6569,True
6501,False
8591,True
8090,True
8123,True
3377,True
3376,True
3294,True
3293,False
3295,True
12433,True
1285,True
1626,True
9770,True
7118,True
7119,True
7120,False
8121,True
8120,False
8122,True
10210,True
10209,True
10211,True
10428,True
9749,True
3194,True
3195,True
9079,False
8700,False
3051,False
7447,False
487,False
4002,True
12535,True
8668,True
5745,False
3944,False
5926,True
5558,False
5751,True
4329,False
982,True
8483,True
508,True
1123,False
8464,True
8313,False
2932,False
3785,False
869,True
8463,False
7130,False
4398,True
1347,True
1375,True
7295,True
7388,False
7507,False
7848,True
6455,True
6991,True
7020,True
7214,True
7992,True
8421,True
8670,False
1606,False
9266,True
1821,False
645,True
7698,False
2128,False
9169,False
2517,True
2140,True
1543,True
4824,False
2803,True
6754,True
3103,False
3446,True
3445,True
5311,True
3698,False
3772,False
4568,False
6619,False
671,False
3529,True
4490,True
5861,True
7611,True
5344,False
861,True
862,True
6215,True
7584,False
11196,True
6200,False
8477,True
7942,True
1006,True
5461,True
4580,False
4145,True
7882,True
4536,False
9308,True
355,True
7889,True
3938,True
785,True
969,False
252,True
2900,False
640,False
1553,False
4999,False
7272,True
7896,True
5014,True
6844,False
7689,False
2559,True
5689,True
5068,True
8780,False
6963,True
5410,True
6397,False
4055,False
5927,True
6901,False
5475,True
6580,True
3338,False
4322,True
5550,True
5881,False
7629,False
7685,False
7662,False
4671,True
7713,True
7455,False
5143,False
8547,False
4644,False
6540,False
784,True
7737,True
5700,False
968,True
7625,True
5719,False
5720,True
4596,False
4669,True
7403,True
849,True
5925,True
843,True
7939,True
4668,True
7160,True
6644,True
3460,True
7408,True
7406,False
3586,True
8575,True
1127,False
193,False
3609,True
3610,True
3614,True
5929,True
7856,True
5204,True
5203,True
5928,False
1799,False
7588,False
6316,True
6894,False
7441,False
964,False
3648,True
6212,False
7825,False
5223,False
5603,False
5943,False
5960,True
5961,True
6734,False
4597,True
6912,True
6135,True
6014,True
3968,True
934,True
932,True
933,True
787,True
5628,False
5627,True
3967,True
6903,False
5987,False
6046,False
1067,False
3803,True
5427,False
6124,False
4056,True
4488,True
1016,False
5860,True
4579,False
4578,False
1869,False
8128,True
7330,True
5463,True
759,True
814,True
7609,True
6704,True
5076,True
5966,True
5806,False
7049,True
7374,True
4861,True
6978,False
857,True
4109,False
8311,True
7797,True
7089,False
4163,False
4141,True
4164,False
4008,False
4162,False
3098,False
6688,False
7499,False
7107,False
1889,True
7059,True
5294,False
5288,False
3592,False
7454,True
514,True
7122,False
1890,False
3115,True
913,True
5732,False
5750,False
6969,True
5688,False
8974,True
6253,False
5865,True
7320,False
6648,False
282,True
5444,False
527,True
7500,False
2144,False
930,False
7844,False
5342,False
5560,True
5729,False
6626,False
6335,False
7013,True
6784,True
513,True
6454,False
12681,True
5555,True
601,True
6450,True
723,True
3919,False
4683,True
7575,True
5142,True
4916,True
7012,False
5762,True
7015,True
4595,True
4594,True
7009,True
6735,True
6456,True
6574,False
7710,True
6465,True
7940,False
8891,False
604,True
7596,True
7758,False
7589,False
3937,False
4534,True
283,False
2570,False
2909,False
2730,True
365,True
7880,False
6056,True
12752,True
7594,True
7329,True
1913,True
1914,True
8310,True
7558,True
12373,True
1689,True
5734,True
1297,True
577,True
9086,True
8223,True
8312,True
3585,True
796,True
1552,True
7898,False
5853,True
8262,False
8793,True
9447,False
7616,True
1217,False
12597,False
1432,True
12706,False
4378,False
3066,True
2478,True
9852,False
1723,False
5162,True
2490,True
4670,True
184,False
8576,True
8261,True
6416,True
1494,True
3717,True
1399,False
9446,False
5481,True
7453,True
5224,True
2794,False
166,True
12663,True
6722,False
6398,False
3992,True
53,True
8315,True
1492,True
4895,True
1496,True
8264,True
2397,True
2398,True
1456,True
786,True
8268,True
11152,True
8316,True
8714,True
7808,True
1518,True
8341,True
269,True
5222,True
3708,True
3718,False
3336,True
3337,True
5281,True
5123,True
4860,False
8465,False
9009,False
7085,True
3993,False
8054,True
8994,True
7704,True
8633,False
8634,True
8352,True
9013,False
8395,False
9188,True
856,True
1660,True
137,True
9291,True
9293,True
12636,True
12638,True
9323,True
12692,True
2635,False
2636,True
2399,False
7051,False
5122,False
963,False
1949,True
7331,False
6994,True
6732,False
7958,True
7807,False
1142,True
2960,False
3991,True
207,True
4535,True
7618,True
1245,True
49,False
6581,False
12,False
12714,True
3990,False
5282,True
7738,False
1835,False
29,True
9046,False
8269,True
1647,False
1950,True
8367,True
8368,True
3552,True
6596,True
1870,True
4695,False
165,True
199,True
7067,True
12740,True
12741,True
1883,True
2202,True
235,False
12630,False
6917,False
8940,False
8369,True
10300,False
5687,True
6646,True
7128,False
2159,True
12384,True
52,True
7181,True
7243,True
8287,True
7587,True
3665,True
403,True
682,True
5644,True
4672,False
929,False
7843,True
461,True
8937,False
1288,True
2641,True
10605,True
9581,True
8773,True
12383,False
2531,False
361,False
2781,False
9624,False
8712,False
2941,True
829,True
1139,True
3205,True
5819,True
5817,True
5813,False
8130,True
6576,False
8567,False
4937,False
6198,True
10383,True
10546,False
9149,True
8444,True
6211,False
2958,True
335,True
7879,False
7881,True
6321,True
3206,False
4391,False
3666,False
1550,True
1551,False
1549,False
1554,False
9099,False
4559,False
4381,True
4581,False
1158,False
1156,False
1157,False
1334,False
4618,False
6571,False
4607,False
4600,False
6551,False
8786,True
5863,True
9324,False
9148,False
9731,False
9698,True
9462,False
9136,True
2824,True
7617,True
503,False
1767,False
3105,False
2662,False
362,True
1800,True
10214,True
2244,False
12606,False
10143,True
1086,False
1813,True
9425,False
4379,True
4380,True
2549,True
1820,True
2273,True
8546,True
2475,False
2476,True
2474,True
2477,False
4648,True
4659,True
1645,True
11,False
1676,False
9213,True
9788,False
5359,False
7278,True
1634,True
12382,True
8389,True
484,True
2580,True
2487,True
2975,True
3296,True
8849,True
11186,True
2767,True
1479,False
798,True
2498,False
4680,False
6230,False
1443,True
6309,True
812,False
6449,False
5205,False
5212,False
2401,False
2402,True
2507,False
6320,True
8342,False
6314,True
1398,True
5019,False
4487,True
4918,True
9884,True
9625,False
9601,False
9618,False
1202,False
1648,True
9936,False
9992,False
9734,False
5283,False
8462,False
10390,True
5284,False
2894,False
2545,False
2753,False
2893,False
3148,True
2365,False
2419,True
2420,True
4300,False
1646,False
6689,False
3146,False
314,True
850,False
3348,True
3347,False
3147,True
3200,True
3106,False
6733,False
6650,True
5890,True
851,True
3553,True
3150,True
3145,False
313,False
315,False
612,True
5339,True
3966,True
4491,False
5069,True
8787,True
5891,True
2143,False
4041,True
6655,False
5844,False
4610,False
4705,False
164,True
270,True
5075,True
462,True
9627,True
7127,True
5634,True
12674,False
2818,True
2821,False
2819,False
1467,False
7131,True
1874,True
10282,True
7796,True
12538,True
6692,False
6686,True
3688,True
2287,True
5315,True
3786,True
4896,True
6448,False
6374,False
3768,False
1262,True
8448,True
8586,False
1664,False
1871,False
2547,True
2546,False
1653,True
5683,True
4814,True
9699,True
6647,True
2793,False
8540,True
6017,False
2347,True
1666,False
1665,True
4891,False
4952,False
4892,True
2591,False
6618,True
7877,True
9604,True
9603,True
2899,True
2898,True
8398,True
848,False
847,True
1642,False
6967,False
6485,True
6218,True
2418,False
5554,False
10024,True
10073,True
5229,True
8517,False
8127,True
9984,True
1005,False
1117,True
7163,True
2436,False
2437,True
1927,False
2435,True
1200,True
2625,True
12541,True
4343,True
4691,True
3143,False
1438,True
1437,True
12637,False
3812,False
7050,True
5429,True
12647,False
4046,False
8288,True
8211,True
2322,True
12768,False
2130,True
12424,False
6828,True
3980,False
5854,False
5923,False
5922,True
3339,True
2321,True
3555,False
2590,False
6514,True
3956,True
6429,True
878,False
4974,False
5237,True
6602,False
6970,False
5549,False
8859,False
7941,False
4508,False
7422,True
7638,False
6392,True
4521,True
4947,True
2325,True
4930,True
5897,False
496,True
2455,False
9341,False
12667,False
12670,True
2319,True
4591,True
8067,True
5992,False
5802,True
5803,False
655,True
1904,True
6346,True
1903,True
4741,False
1905,True
1899,True
12769,True
6306,False
547,True
1901,True
1902,True
12423,True
12767,True
2924,True
4949,False
6043,True
6307,True
4948,True
12472,True
12483,True
4969,True
3403,True
2324,False
1908,True
1510,False
1215,True
2429,True
2341,True
6591,True
12669,True
12419,True
12422,True
6287,True
4589,True
1900,True
4739,True
10640,True
9232,True
2323,False
6305,True
1250,False
6288,True
12484,True
12420,True
8192,True
1909,False
1912,False
6291,True
6899,False
6304,False
1917,False
2374,False
3341,False
2926,False
2320,False
2607,False
3945,False
2269,False
2314,False
2135,True
7554,False
9233,False
2101,False
7226,True
9234,False
8047,False
4978,False
4975,True
7861,True
2925,False
1633,False
2425,True
12425,True
4973,True
12421,False
1216,False
1839,False
3340,False
12668,True
2927,True
3342,False
1214,False
1473,False
4968,False
9096,False
9813,True
9530,False
8779,True
9396,False
10642,True
845,True
9281,False
11183,False
3129,True
3018,True
8422,False
3873,True
4550,False
8732,False
3536,True
9789,True
9093,True
8868,True
7524,False
7583,False
7418,False
7417,False
7523,False
5796,False
5797,False
5798,False
5799,False
5794,False
5795,True
9108,True
7521,True
7522,True
9727,False
6213,False
6214,False
9790,False
7582,False
9752,True
4682,False
3872,False
3871,False
12393,True
12376,True
2100,True
3752,True
6459,True
7847,False
3388,True
8995,True
5659,True
5609,True
12416,True
454,False
4567,True
9658,True
7238,False
5889,False
6113,False
2687,True
2688,False
2689,True
426,False
2389,True
12379,False
2674,False
2675,False
130,False
158,False
2673,True
2391,False
2690,True
2676,True
2677,False
2684,False
2394,True
2685,True
2683,False
2682,True
2681,True
2686,False
2679,True
2678,True
2680,True
12721,True
2790,False
3086,True
1797,True
4893,True
6115,False
1201,False
2375,False
9675,True
539,True
909,True
9353,False
3646,False
4264,True
1397,False
3054,False
8602,False
1442,False
2249,False
1930,True
8413,True
12370,False
5112,True
8715,False
3017,False
6897,True
3362,False
12375,True
1865,False
2049,False
8866,False
2608,True
239,False
1346,False
1521,True
1618,False
1026,False
1710,False
1717,
7963,
6539,
6992,
6678,
5411,
3762,
6041,
6729,
5400,
6527,
3857,
5780,
1055,
1947,
2119,
8146,
980,
6114,
6956,
4045,
5462,
9511,
6629,
7158,
7744,
6070,
1989,
2110,
2108,
2109,
2111,
2304,
2335,
5793,
9170,
6538,
4272,
7989,
4696,
9644,
9643,
9040,
7450,
5235,
5779,
9280,
6679,
7228,
8653,
6898,
6728,
4043,
728,
4920,
4776,
4929,
4042,
4970,
9458,
10312,
8168,
9025,
6871,
6529,
9897,
9671,
9642,
9457,
7509,
7743,
5035,
9459,
5731,
9111,
9253,
6550,
7995,
8969,
5597,
5962,
9187,
5978,
10413,
9672,
1060,
7570,
2057,
2058,
9509,
3611,
5879,
9177,
6731,
7296,
7334,
6725,
9513,
9900,
5744,
9088,
9460,
4862,
8443,
3533,
470,
6354,
7419,
6358,
6691,
2059,
4233,
4737,
3101,
6957,
7294,
3702,
6208,
6039,
6738,
9295,
5036,
240,
1065,
125,
4684,
704,
4191,
1434,
10582,
9089,
5388,
5707,
7846,
3247,
3647,
6595,
3703,
9359,
9901,
425,
3989,
5421,
5537,
5754,
3443,
3761,
471,
3252,
7446,
8157,
3180,
1702,
7888,
2444,
7227,
2428,
2430,
2423,
2424,
2427,
2431,
6443,
6614,
1798,
7510,
1705,
1697,
1699,
1698,
5792,
7827,
4383,
1706,
1707,
1709,
1708,
1715,
1716,
6727,
6726,
7915,
8301,
6112,
7512,
1704,
1414,
1416,
1412,
6038,
6442,
9417,
3612,
8372,
8600,
2395,
4235,
5244,
9432,
9850,
7070,
8131,
8533,
10503,
8532,
8187,
8224,
8205,
8537,
8601,
3317,
7697,
9282,
7991,
8198,
8536,
8620,
7126,
10647,
129,
3049,
8414,
9896,
1141,
8156,
6257,
4268,
10009,
10010,
8727,
6111,
4738,
7373,
7508,
8482,
2990,
10070,
10505,
10526,
6656,
5369,
3363,
3028,
9290,
4629,
8864,
8796,
1583,
4221,
5364,
7489,
6528,
4601,
7019,
9920,
10185,
10314,
3442,
9110,
2008,
1841,
317,
3053,
6192,
6311,
2597,
8621,
2504,
9582,
1491,
8099,
12509,
8772,
6037,
10042,
4883,
5330,
12521,
1864,
3410,
2225,
2224,
9512,
8865,
2655,
3255,
3253,
6677,
2815,
2647,
5245,
2392,
7667,
1498,
7198,
8484,
2726,
2199,
3444,
8592,
1596,
1896,
258,
6763,
6833,
2403,
4827,
6036,
4837,
8299,
8196,
7996,
8194,
6676,
4843,
3514,
3515,
3517,
3518,
8302,
7778,
6977,
4636,
1190,
2422,
8480,
4635,
2882,
8298,
8782,
8195,
4557,
7756,
7375,
624,
623,
771,
6207,
7641,
8534,
2215,
2919,
8934,
4085,
7479,
7480,
4551,
4552,
7668,
6541,
7402,
9550,
8390,
8902,
7349,
7703,
3534,
8545,
5268,
3549,
4469,
7482,
7481,
7343,
8970,
7655,
4939,
7498,
7657,
5985,
4702,
9987,
7503,
5993,
9916,
9923,
9596,
6570,
3801,
6458,
7586,
3055,
2836,
7252,
7208,
2848,
8520,
8441,
1932,
2412,
5710,
2995,
4558,
4556,
1579,
1348,
4553,
4555,
4554,
3550,
8971,
2142,
10437,
2141,
4908,
1516,
1582,
1581,
3193,
2411,
2145,
2146,
1580,
2217,
2214,
4545,
8784,
7250,
7977,
9929,
2047,
8151,
6123,
8017,
7240,
1961,
8070,
4167,
8729,
10069,
6196,
10186,
9670,
9924,
1420,
9565,
1671,
2268,
10101,
1619,
3041,
2216,
1847,
5358,
8521,
9725,
6280,
772,
4169,
4168,
5596,
10441,
8686,
1840,
2285,
9600,
10122,
3756,
3020,
1270,
1184,
2907,
3757,
4478,
8578,
10061,
12685,
5396,
10246,
8785,
4971,
224,
6365,
8957,
2837,
6205,
7145,
8730,
4234,
8101,
8972,
6730,
6955,
6256,
8193,
3535,
4628,
5924,
6040,
6126,
5280,
4258,
6121,
9026,
7887,
7290,
8728,
7213,
4270,
3870,
3866,
3868,
3869,
3867,
8015,
2393,
6896,
2486,
2484,
2905,
5034,
2816,
8655,
3858,
8867,
2788,
2931,
9869,
8016,
5970,
6015,
5493,
6063,
5988,
4689,
7461,
7542,
5354,
7855,
4605,
5677,
5739,
5831,
4562,
5882,
5950,
5972,
7817,
4712,
4690,
4688,
7138,
7139,
4697,
6919,
7318,
5706,
6016,
7818,
7322,
7337,
6904,
7396,
7854,
7222,
5495,
6883,
7749,
6762,
7928,
6886,
6885,
6882,
8514,
4561,
4563,
7927,
7929,
5559,
5568,
5900,
7236,
6032,
5494,
7954,
6417,
6375,
6887,
6884,
6888,
9909,
5606,
7789,
7194,
5983,
7193,
7195,
5767,
7863,
7258,
6048,
7333,
6049,
4608,
6434,
9107,
6116,
10257,
7245,
6276,
7221,
7264,
8116,
8115,
8885,
6564,
6831,
7721,
7729,
7651,
5570,
5365,
5569,
5989,
4990,
5676,
5999,
6065,
6012,
5678,
7056,
6322,
5933,
5181,
6051,
6052,
6053,
6054,
7357,
5956,
5955,
6061,
5265,
4707,
4675,
5386,
5930,
5355,
6104,
5737,
5738,
7552,
4989,
5958,
6533,
7553,
6972,
7790,
7695,
7040,
6469,
7728,
7723,
7725,
7726,
7727,
6493,
7630,
7820,
7819,
8129,
4606,
7546,
5261,
5971,
7691,
7064,
4711,
7650,
6074,
8293,
6489,
6488,
7386,
7870,
6780,
5260,
7379,
6770,
6781,
6906,
7091,
6798,
6857,
6851,
6852,
6544,
7456,
7336,
7754,
6462,
8081,
6546,
5835,
7299,
7300,
7168,
7933,
7814,
8900,
6889,
7039,
6743,
6742,
7387,
5807,
5736,
5202,
4698,
4673,
8051,
8003,
6565,
6562,
7716,
7719,
7722,
7720,
7724,
7718,
7999,
8000,
7871,
7378,
8167,
7865,
6520,
6532,
8061,
7690,
6853,
6854,
6855,
6856,
7672,
7229,
7184,
7673,
4710,
5182,
8031,
6662,
8082,
7377,
8182,
6513,
4674,
7852,
10410,
7082,
8408,
9052,
5675,
7634,
7700,
779,
8114,
3525,
4212,
7632,
943,
5320,
6033,
794,
3854,
9320,
9405,
9507,
7821,
7603,
7544,
6825,
5497,
5566,
5109,
6858,
7730,
6891,
1080,
7429,
7678,
971,
4957,
2773,
1862,
7274,
1049,
4456,
6795,
4094,
6890,
3284,
582,
3626,
6811,
7079,
4527,
7301,
6765,
6349,
3027,
3110,
3191,
3496,
304,
583,
763,
3532,
7633,
7110,
7792,
7675,
7917,
7853,
2630,
2538,
1001,
7496,
2334,
609,
3436,
3437,
3438,
2668,
1694,
5665,
5920,
5631,
7757,
974,
7580,
3361,
7460,
2462,
2167,
2103,
2586,
2002,
3004,
2890,
2453,
2774,
2880,
2923,
2947,
2966,
3013,
3006,
3061,
3071,
3074,
3083,
3152,
3192,
3231,
3285,
3204,
3222,
3300,
3332,
3331,
3524,
342,
357,
343,
3298,
3302,
3301,
5808,
1466,
5565,
7813,
3465,
3896,
4257,
5629,
305,
9119,
9465,
5367,
7676,
8908,
4170,
1261,
4979,
3954,
4255,
4980,
173,
12800,
5155,
7325,
2562,
321,
2860,
1455,
810,
2748,
12586,
12587,
12588,
4102,
6789,
4103,
4099,
4100,
4368,
3597,
919,
12562,
8877,
1977,
12573,
12574,
4096,
7602,
9560,
9561,
9563,
9564,
4095,
4124,
3927,
12566,
12567,
12568,
7280,
12577,
12578,
7465,
7840,
12549,
12550,
12551,
7636,
7637,
4323,
4097,
12556,
12557,
12558,
1515,
4821,
7753,
2117,
1433,
6399,
3669,
463,
12575,
12576,
5703,
12651,
1152,
2483,
7752,
5886,
801,
1073,
4107,
4105,
4389,
4388,
12569,
12571,
12572,
4104,
4106,
4108,
3598,
4148,
4150,
4152,
4147,
4151,
4156,
4149,
4158,
4157,
4155,
4153,
988,
12545,
12546,
12547,
12548,
12552,
12553,
12554,
12555,
10197,
12584,
12585,
7217,
7218,
334,
5263,
6402,
6782,
4354,
2185,
3709,
9003,
5957,
1656,
7246,
6583,
2461,
2459,
2010,
384,
386,
2501,
6752,
4032,
4031,
3939,
3094,
6050,
206,
5894,
6020,
5892,
1982,
7219,
5553,
3069,
5728,
5319,
6511,
9051,
5705,
5704,
4560,
2879,
7849,
12724,
6400,
6021,
2946,
2106,
2585,
3202,
2861,
3123,
491,
5821,
5996,
6490,
7302,
6022,
8039,
540,
542,
541,
544,
543,
4146,
3564,
4154,
1291,
1541,
12803,
12655,
12467,
4101,
2516,
2912,
3047,
3330,
7248,
1054,
6973,
4356,
4357,
4365,
4359,
4360,
4364,
4362,
4358,
766,
4367,
4361,
4363,
4366,
3497,
793,
287,
1140,
1002,
2003,
12469,
3901,
1978,
6805,
6807,
6809,
6697,
7185,
6826,
12528,
6804,
9559,
9562,
958,
1637,
1884,
1885,
639,
3481,
3638,
1615,
9133,
8191,
5875,
5876,
5877,
2587,
9499,
8184,
8185,
1260,
1225,
9015,
8613,
2286,
1838,
1766,
1765,
3853,
1531,
7042,
9078,
6694,
8617,
6810,
7464,
2502,
6812,
7793,
4349,
4347,
4348,
3667,
6404,
4196,
4345,
4350,
4609,
1226,
7955,
1755,
2373,
4034,
4038,
4033,
4037,
4036,
4035,
12629,
1290,
47,
8909,
8201,
7635,
4324,
6671,
6403,
4355,
1546,
1547,
6516,
2526,
12802,
3670,
4755,
1941,
1511,
3203,
3306,
882,
3712,
3046,
3045,
2267,
2524,
359,
1405,
2536,
6582,
3570,
1112,
2193,
4213,
2859,
12611,
1426,
2934,
390,
96,
1728,
727,
4172,
2606,
8654,
2525,
2210,
12632,
8989,
900,
181,
8246,
4160,
7601,
300,
1701,
2204,
1386,
2449,
2196,
1236,
2660,
2723,
2694,
2646,
2629,
2722,
2695,
2170,
2631,
2632,
2648,
490,
493,
492,
494,
12570,
12708,
2720,
1893,
12725,
6401,
387,
388,
389,
4382,
9536,
7220,
1714,
2888,
3567,
1408,
834,
2330,
12689,
1025,
4464,
7679,
3352,
118,
12679,
6808,
7791,
10554,
7043,
7157,
8817,
5851,
4030,
5674,
4015,
7506,
12441,
12442,
12444,
12445,
12446,
12454,
12455,
12456,
12457,
12381,
7033,
7034,
2421,
9251,
2205,
1779,
2485,
9005,
9385,
8855,
9386,
3720,
4232,
6806,
4564,
9174,
9237,
7401,
7400,
7398,
7397,
7391,
7381,
7323,
7666,
7680,
7696,
8284,
8322,
4014,
4218,
3640,
8434,
9175,
9223,
3850,
3851,
3852,
1659,
2554,
2184,
6746,
4217,
3642,
4231,
4230,
5654,
5834,
6521,
3672,
4215,
4465,
5385,
7665,
9050,
8723,
6303,
8024,
6325,
10063,
4873,
4532,
8944,
6834,
7083,
1109,
2,
12772,
7432,
1447,
1506,
1507,
1657,
2889,
1110,
1542,
1815,
2523,
21,
2277,
1644,
6712,
2557,
2552,
8040,
4874,
4991,
4992,
5656,
6779,
7249,
6502,
1526,
2308,
5672,
1674,
7409,
5433,
4699,
7806,
7841,
7931,
7058,
9381,
4197,
3662,
2186,
2527,
2814,
2386,
1470,
1878,
2922,
1877,
12751,
631,
633,
632,
651,
667,
749,
770,
806,
807,
808,
809,
835,
836,
837,
838,
875,
884,
901,
921,
940,
939,
951,
1003,
1021,
1051,
3548,
3547,
3663,
3691,
3692,
3694,
3693,
3707,
3714,
3721,
3722,
3759,
3886,
3888,
3887,
3894,
3902,
3903,
3904,
3905,
3911,
3912,
3913,
3916,
3917,
3940,
4000,
4082,
4161,
4756,
4247,
4284,
4320,
4328,
4373,
4385,
4439,
4497,
4495,
4499,
4520,
4528,
4944,
4945,
4964,
5079,
5186,
5136,
5187,
5188,
5387,
6035,
9004,
3569,
4500,
1527,
5275,
6324,
5274,
7057,
2312,
5984,
2387,
6426,
2169,
7081,
2333,
1450,
2132,
2232,
2233,
2234,
2339,
2385,
5108,
5368,
6696,
6695,
6744,
6813,
6794,
6832,
6950,
6962,
6953,
6952,
6951,
6982,
7478,
7520,
7624,
8842,
9150,
9190,
9250,
9720,
9994,
10154,
10130,
12510,
1778,
1777,
1791,
2055,
2433,
1472,
2278,
6630,
9628,
5003,
1616,
7383,
7382,
6428,
6842,
8889,
5673,
2650,
12378,
2454,
5083,
5276,
5809,
7431,
7430,
1385,
1384,
1446,
3929,
4131,
12452,
12451,
12453,
12450,
12447,
12448,
12449,
1122,
1830,
1934,
12713,
12662,
1831,
1545,
4517,
5885,
5496,
6474,
6476,
6477,
6479,
9669,
6425,
4001,
9798,
3654,
1548,
2539,
1345,
1344,
1322,
1311,
4987,
4988,
4976,
6217,
6941,
8076,
6835,
7399,
7394,
7385,
6838,
6841,
1309,
1343,
1536,
8162,
8459,
5080,
86,
89,
82,
78,
64,
88,
83,
65,
74,
84,
66,
85,
73,
80,
87,
77,
67,
71,
72,
76,
69,
79,
68,
75,
70,
81,
12660,
1393,
5822,
7674,
7803,
6840,
9064,
839,
7968,
9941,
10368,
10367,
6019,
4110,
595,
8555,
9717,
2823,
1351,
2565,
2613,
3664,
12443,
12389,
12390,
1658,
2318,
12394,
12497,
1535,
12395,
1895,
1729,
3814,
63,
2133,
1919,
9825,
3999,
4040,
12371,
8950,
8642,
8438,
8724,
12481,
1162,
12501,
12500,
12499,
12498,
1234,
12709,
1238,
2698,
2701,
2700,
6,
2699,
3,
4,
5,
824,
840,
4016,
634,
7303,
7304,
7305,
7308,
7312,
7315,
7098,
7099,
7100,
7101,
8079,
4274,
8028,
4159,
3713,
10243,
8562,
8563,
8951,
8952,
8953,
8954,
8955,
8956,
9008,
9768,
9769,
9878,
2311,
6323,
12643,
2310,
2555,
2556,
10132,
5670,
1489,
1313,
214,
9778,
10245,
10304,
2697,
6471,
4518,
7074,
7075,
9875,
9334,
2828,
6423,
9039,
1368,
8679,
2886,
2887,
2913,
8876,
2537,
7921,
6453,
1863,
7073,
8471,
8472,
8571,
12410,
7265,
8183,
6421,
4981,
4982,
4983,
5084,
5296,
5321,
5921,
6034,
6522,
6547,
6740,
6741,
6713,
6793,
6768,
6918,
1315,
1316,
1078,
4442,
4441,
4985,
6418,
2098,
1881,
1509,
1508,
666,
1161,
1774,
9020,
5655,
6437,
6420,
8218,
8383,
6606,
4278,
5533,
5534,
5535,
5536,
4174,
4175,
4176,
4177,
4178,
4280,
4281,
4282,
4285,
4460,
4492,
5304,
5303,
5309,
5308,
5306,
5302,
5301,
5300,
5305,
5299,
4943,
5273,
5272,
5508,
5500,
5501,
5502,
5503,
5509,
5527,
5510,
5511,
5512,
5504,
5505,
5506,
5507,
5513,
5514,
5515,
5516,
5528,
5517,
5518,
5519,
5520,
5521,
5529,
5530,
5522,
5523,
5524,
5525,
5531,
5532,
5526,
5595,
5694,
5695,
6475,
6478,
6480,
7306,
7307,
7313,
7314,
3758,
4325,
9539,
9656,
9723,
1851,
4934,
7233,
8041,
8437,
8615,
8666,
9865,
3566,
4054,
3671,
9843,
9913,
9914,
10019,
10134,
10203,
10228,
10305,
7041,
6427,
4984,
7142,
7434,
12460,
6080,
4586,
9841,
7309,
7310,
7311,
7316,
7317,
9335,
4220,
9879,
9877,
9876,
8857,
8858,
7965,
6424,
8777,
8856,
9967,
8364,
1593,
1342,
11193,
6836,
7395,
7393,
7384,
7380,
7494,
5874,
6661,
5857,
5855,
5856,
2652,
2651,
1850,
1394,
1829,
1713,
11163,
11159,
11164,
11162,
10349,
10522,
6468,
8325,
8002,
12380,
6419,
7966,
10062,
10286,
10589,
10483,
1757,
8594,
8667,
8795,
9718,
10411,
10454,
9167,
9184,
9265,
9470,
9657,
10224,
10566,
7196,
8248,
8295,
8572,
8794,
6422,
8236,
8945,
4533,
2766,
7,
2007,
6082,
6792,
7433,
1448,
1449,
2276,
2566,
1430,
3890,
3889,
1954,
7794,
1636,
2914,
1081,
1792,
1183,
1555,
12743,
1775,
2858,
2696,
8416,
9576,
9599,
2163,
1126,
4587,
4588,
8725,
2725,
1314,
2009,
1370,
2309,
6675,
7263,
822,
1918,
12634,
2582,
1350,
8371,
8461,
8531,
8990,
10198,
9890,
10424,
10538,
1469,
2381,
2653,
12683,
2384,
1471,
4514,
1121,
4276,
4277,
4279,
4211,
4283,
4286,
4461,
4496,
4493,
6258,
6259,
6260,
6261,
6262,
6263,
6264,
6265,
6266,
6267,
6268,
6269,
6270,
6271,
6272,
6273,
6274,
6275,
7097,
8078,
8810,
1512,
4052,
7140,
9427,
10225,
10226,
10227,
10273,
10274,
10370,
10371,
10457,
10455,
10539,
10602,
10600,
10680,
11127,
11157,
11158,
11215,
8027,
9014,
9288,
9404,
9721,
9826,
9827,
9828,
9830,
9912,
10021,
10022,
10117,
10118,
12641,
1244,
12665,
1308,
12649,
12642,
8585,
12666,
8134,
1310,
7563,
8363,
8404,
8515,
8875,
8741,
8898,
9874,
10131,
12511,
12512,
1321,
2649,
2581,
2763,
1675,
1111,
1153,
2530,
4757,
2529,
8074,
1312,
2162,
9337,
10151,
10255,
2724,
12385,
12386,
12387,
619,
3359,
4938,
5356,
3622,
1886,
4904,
5131,
3685,
3687,
5998,
5935,
5991,
7266,
4287,
5884,
9214,
8921,
6864,
6863,
6861,
8639,
8820,
8170,
3353,
4996,
6081,
5632,
5832,
3095,
7608,
7390,
5183,
9182,
5184,
7731,
665,
4902,
9132,
4927,
3760,
3641,
3639,
4466,
4458,
3153,
8238,
5896,
5990,
5973,
7684,
9477,
9476,
9478,
9479,
9480,
9482,
9483,
9485,
9486,
9842,
9455,
495,
211,
3159,
5226,
3463,
3466,
302,
301,
5277,
561,
2005,
3025,
3024,
5370,
6000,
8816,
7186,
7188,
8308,
7816,
5310,
9192,
7682,
7610,
7389,
5004,
5331,
7802,
9038,
265,
2945,
5085,
5791,
8436,
3015,
2935,
4370,
2936,
2847,
2745,
2739,
2744,
2740,
3297,
244,
289,
941,
9445,
569,
3151,
262,
303,
9547,
5607,
5608,
3941,
5679,
6296,
7293,
7338,
7339,
5357,
5307,
3232,
6515,
4565,
6435,
3240,
1589,
3216,
3215,
3683,
3699,
6710,
3225,
505,
3016,
4132,
323,
3415,
3270,
3360,
12580,
12581,
12582,
3267,
3273,
12559,
12560,
12561,
3241,
8624,
3220,
2667,
8763,
9208,
3414,
3275,
3277,
9557,
7392,
6839,
3358,
8625,
3424,
3274,
3413,
3245,
3218,
8916,
5790,
3269,
3229,
6064,
3226,
4859,
12480,
3426,
3276,
3214,
3416,
9780,
755,
3238,
6875,
5936,
3356,
6062,
9716,
3234,
3354,
9804,
8879,
3223,
3239,
3421,
3264,
3217,
3213,
3237,
3417,
3272,
3073,
3423,
3266,
12372,
1608,
683,
684,
687,
8132,
3243,
3235,
2661,
3425,
3420,
8912,
3418,
5693,
3268,
3419,
6877,
4676,
3422,
3271,
12728,
3242,
3283,
3892,
3893,
6981,
3228,
8640,
8133,
7202,
3412,
4901,
12563,
12564,
12565,
3236,
3355,
3227,
3357,
3224,
3230,
8920,
6711,
6018,
1050,
8622,
6664,
6436,
1790,
4566,
2967,
6496,
6302,
6566,
7230,
1514,
6549,
9134,
6432,
4438,
3003,
2988,
9176,
4529,
8913,
5225,
5298,
1079,
3895,
3684,
3711,
1879,
8758,
2000,
6893,
4878,
2741,
2743,
2742,
245,
6430,
650,
3928,
8382,
6495,
2104,
8427,
7717,
1403,
3190,
1776,
8538,
692,
3686,
6873,
7564,
6523,
8768,
10460,
5888,
6837,
4585,
10123,
6879,
9704,
6498,
8809,
8806,
8473,
9456,
9808,
8917,
8641,
7111,
8805,
3433,
3434,
9444,
8992,
5152,
3431,
8854,
5833,
8699,
12736,
5645,
4687,
6405,
5852,
8237,
8560,
8589,
2168,
8158,
8637,
8638,
4858,
902,
903,
904,
8419,
344,
2231,
2810,
7859,
8821,
3209,
8899,
8623,
8935,
9252,
2583,
1652,
9803,
6491,
7092,
8657,
8113,
8818,
8656,
8628,
6473,
725,
7998,
8249,
6431,
8426,
182,
2738,
2747,
2746,
7197,
8986,
6979,
7045,
6980,
2584,
8077,
7342,
7341,
12633,
12519,
10016,
6141,
4953,
4462,
5032,
5227,
4962,
4954,
3068,
2875,
558,
12673,
2291,
581,
5241,
5177,
5175,
5171,
5174,
5176,
5201,
4986,
5243,
4963,
4190,
5156,
4305,
5110,
5257,
3596,
4310,
5028,
4437,
3891,
4316,
4486,
5111,
5185,
5264,
5266,
4435,
4039,
1023,
820,
805,
4028,
4027,
4029,
4026,
4024,
4023,
4244,
791,
322,
4530,
4531,
735,
9037,
9517,
9406,
899,
4857,
1019,
1074,
3563,
3972,
584,
8981,
420,
4384,
2493,
2987,
11218,
9384,
2985,
2528,
7733,
4509,
3998,
12412,
2904,
4489,
5228,
5664,
4254,
618,
306,
9502,
3630,
2553,
3462,
7321,
3096,
6772,
6773,
6774,
9164,
2749,
3023,
3495,
402,
3014,
3985,
316,
4081,
9383,
9847,
9655,
4942,
7412,
9619,
2827,
4463,
4956,
4977,
4965,
9081,
9277,
3883,
3881,
3876,
3874,
5154,
1331,
5667,
5901,
1771,
9313,
2611,
466,
2735,
12583,
691,
693,
5173,
3650,
4022,
264,
695,
696,
4525,
465,
1007,
9082,
1052,
3880,
3949,
701,
700,
699,
8929,
689,
690,
4053,
6117,
702,
985,
2733,
698,
1380,
10152,
10402,
1295,
5666,
7517,
7518,
12417,
12672,
2452,
12543,
3545,
3305,
920,
1320,
2881,
12374,
3081,
688,
6876,
10565,
4262,
4882,
8985,
12793,
12759,
12760,
553,
6142,
10500,
697,
4327,
6745,
12635,
7281,
417,
694,
2986,
2183,
685,
686,
12742,
12542,
341,
10004,
8770,
3988,
6543,
6714,
3884,
2764,
8983,
2292,
7515,
7514,
3093,
10208,
5630,
1880,
7014,
6771,
8988,
1894,
9403,
9276,
7016,
9151,
10679,
7653,
7652,
7654,
2451,
4307,
12402,
2825,
12644,
4308,
1304,
9558,
4524,
4306,
1008,
1024,
3875,
3878,
3885,
3879,
3981,
4436,
4880,
3682,
1022,
8407,
6872,
8559,
9742,
10564,
9207,
10499,
3882,
3877,
3848,
3847,
3846,
978,
967,
3599,
9910,
9907,
9824,
4903,
8698,
6905,
12524,
140,
421,
1199,
8610,
8611,
9741,
10037,
3432,
10599,
2082,
2198,
1848,
2303,
1849,
1876,
2124,
7189,
7190,
7191,
7192,
9964,
1113,
1303,
3084,
3072,
9911,
12671,
3304,
1009,
1010,
3057,
3565,
551,
8292,
9719,
8890,
2734,
110,
10035,
10420,
1892,
2569,
9743,
4958,
4881,
8984,
8982,
326,
327,
328,
10116,
722,
721,
10023,
7102,
1513,
9287,
7935,
2405,
2876,
12703,
12459,
223,
4941,
6067,
9802,
6066,
6866,
4443,
8324,
6865,
7292,
9542,
8616,
3048,
7044,
7462,
7018,
7172,
7187,
7159,
7340,
4993,
4708,
7581,
6862,
726,
5671,
9306,
8626,
4371,
6542,
3660,
4762,
4771,
4767,
4758,
4772,
4759,
4760,
4773,
4761,
4768,
4769,
4770,
4774,
4766,
4775,
883,
4018,
4791,
4790,
3661,
6545,
7084,
6497,
6584,
8219,
6920,
4457,
6451,
8405,
8080,
4219,
767,
8385,
5824,
8474,
6867,
9668,
7225,
6859,
6878,
10121,
9800,
2911,
8991,
8554,
139,
12678,
7956,
5740,
6444,
7574,
12648,
12680,
4050,
4778,
4779,
4784,
4795,
4792,
4788,
4786,
4794,
4793,
4017,
4787,
4051,
4049,
4789,
4763,
4764,
4765,
6631,
6848,
6766,
3323,
8904,
9452,
7774,
1243,
4253,
4240,
183,
3262,
36,
3011,
9160,
720,
5432,
4959,
5953,
9662,
5866,
9401,
1462,
2768,
4326,
1181,
3618,
1159,
5636,
4189,
780,
9333,
5785,
5635,
2721,
5952,
8102,
6294,
6295,
7945,
6460,
3948,
6724,
6947,
9043,
12513,
4195,
4865,
3594,
4010,
999,
4238,
9552,
2039,
9765,
743,
1996,
3621,
1825,
7231,
2432,
7108,
3117,
2628,
7216,
8846,
10179,
1242,
12801,
4806,
1925,
8411,
8798,
4144,
10346,
1539,
2338,
12525,
3345,
4543,
9033,
9238,
9413,
9249,
9034,
1586,
2964,
662,
6787,
6023,
4747,
5964,
8582,
9056,
6285,
3030,
1643,
3279,
1760,
5249,
1318,
2195,
6936,
6814,
5134,
2672,
2550,
6234,
6673,
6363,
5087,
3696,
4714,
7005,
7405,
4716,
7008,
6797,
4715,
830,
5124,
5200,
6339,
6554,
4544,
4542,
1935,
2708,
2843,
6801,
6923,
3350,
6461,
8635,
3344,
50,
3539,
7516,
10336,
9861,
7982,
660,
2489,
7614,
1761,
6922,
8065,
6649,
3411,
7062,
4121,
9660,
7548,
7537,
7011,
7786,
6921,
981,
7893,
7950,
2962,
379,
8962,
7930,
6682,
7488,
5072,
4267,
4351,
4863,
7285,
8164,
6948,
5256,
5073,
3704,
2770,
3558,
5248,
5295,
7551,
7770,
7924,
7545,
1762,
7765,
3921,
2448,
3629,
7547,
1772,
3925,
986,
3975,
8149,
2081,
2274,
1795,
1794,
4997,
6802,
354,
4120,
8508,
7541,
9895,
356,
7953,
9589,
8579,
433,
9297,
8402,
8357,
10518,
9835,
9638,
7952,
3864,
8548,
2275,
6059,
8800,
6555,
1072,
6029,
5246,
8513,
5247,
4870,
9240,
4185,
9241,
10536,
3627,
4898,
4899,
3628,
3841,
5466,
5313,
2548,
6622,
9551,
10267,
4897,
2383,
378,
340,
3926,
3697,
4225,
8897,
7701,
10540,
970,
7251,
6071,
2844,
2856,
5140,
4643,
8903,
7369,
3155,
180,
12639,
12705,
12406,
12659,
678,
3019,
2148,
3486,
12684,
6179,
7619,
3943,
1339,
737,
4854,
8761,
9516,
1300,
4523,
6181,
2190,
1301,
6180,
4852,
6961,
4853,
4818,
2895,
580,
8939,
5289,
6183,
7519,
6182,
7080,
8759,
10094,
4140,
2102,
1150,
803,
915,
4494,
7768,
3649,
12702,
9379,
8280,
4377,
179,
2709,
742,
3261,
7926,
2083,
1811,
1493,
747,
12408,
1759,
1915,
10531,
9199,
8663,
415,
4203,
8778,
12391,
6107,
9376,
10034,
9553,
4241,
5691,
1460,
1522,
12589,
1783,
8208,
1781,
1782,
2736,
7621,
3952,
7677,
3026,
2656,
12770,
12771,
213,
3631,
744,
3633,
10029,
1814,
3556,
1407,
4386,
4387,
1364,
790,
229,
231,
3059,
1753,
12502,
4498,
8924,
6216,
7237,
256,
1228,
1230,
1229,
1231,
1693,
7232,
2050,
1670,
12682,
506,
2885,
1936,
1910,
2317,
3327,
5567,
4511,
5724,
2983,
769,
6487,
5211,
7857,
228,
4681,
12658,
1251,
12369,
2467,
2464,
871,
6621,
3328,
5661,
8880,
4242,
3603,
3604,
4313,
4314,
768,
4369,
12522,
2136,
6413,
8001,
12791,
2561,
7135,
1968,
1970,
2800,
1975,
1972,
2897,
12590,
950,
1523,
7709,
2713,
2227,
1053,
113,
777,
789,
4204,
6069,
185,
2715,
3207,
1920,
263,
1429,
312,
1667,
3568,
3541,
2984,
1451,
2710,
2463,
2468,
3329,
3429,
6769,
1789,
1787,
1605,
249,
1669,
4171,
1224,
1504,
2712,
7922,
3637,
3634,
12470,
3632,
5100,
12704,
6605,
3635,
3636,
2867,
2868,
2869,
2863,
2864,
2865,
2866,
2862,
406,
2053,
12534,
4429,
872,
1867,
435,
1223,
1998,
1089,
4823,
2349,
821,
1164,
1232,
8717,
7497,
9328,
9054,
1591,
4640,
2612,
4679,
2877,
1617,
1668,
12486,
4867,
1252,
12388,
1752,
6373,
6610,
186,
2466,
3855,
117,
7771,
9062,
1967,
1974,
1673,
6463,
1461,
1459,
4342,
1306,
5829,
3021,
973,
7747,
7324,
8059,
4459,
2982,
3009,
3840,
12733,
12515,
12592,
167,
12732,
12731,
12516,
3085,
2230,
1219,
4440,
3427,
4485,
1756,
9092,
337,
3189,
1711,
336,
1788,
658,
7153,
6707,
3656,
3657,
1409,
168,
238,
1428,
1592,
1654,
318,
380,
1293,
1537,
2137,
3658,
6486,
2896,
8739,
6829,
3602,
7830,
6660,
7831,
12407,
8010,
9451,
1786,
1785,
6934,
1784,
1281,
3997,
1440,
12471,
12473,
12514,
775,
5121,
12520,
6609,
10167,
10168,
7620,
3546,
12488,
5113,
9236,
8671,
6466,
6467,
8270,
8720,
8651,
8718,
8682,
4966,
8496,
7410,
2737,
975,
976,
5081,
5474,
1182,
7895,
3953,
5033,
3678,
2714,
948,
3322,
5082,
5105,
5101,
5102,
5104,
311,
5103,
4917,
6068,
5025,
2470,
2518,
5713,
7661,
2054,
12517,
3060,
448,
1868,
12506,
12508,
12507,
12503,
12505,
12504,
10196,
6348,
3908,
3909,
3906,
3907,
12466,
4822,
5215,
5214,
5213,
9620,
9639,
2282,
2283,
6505,
1076,
2406,
4216,
5626,
8305,
8060,
7247,
8043,
2910,
630,
2669,
8518,
8887,
1505,
2878,
7170,
5571,
4614,
3133,
2577,
7141,
8489,
2316,
9492,
7288,
7957,
7287,
1218,
2711,
12792,
9474,
9475,
6830,
7215,
4311,
5690,
7152,
10657,
8747,
10283,
2826,
8469,
8321,
7812,
928,
5029,
1969,
1971,
4928,
4214,
3135,
8397,
3795,
3487,
2348,
7627,
8975,
5453,
3651,
677,
9144,
589,
8731,
5715,
5986,
6072,
5384,
5842,
5643,
6255,
5468,
4603,
5800,
8926,
10178,
9097,
761,
2126,
1525,
4448,
4273,
5451,
6799,
9422,
9424,
8754,
8755,
5701,
9514,
1439,
1444,
1125,
3996,
6684,
4129,
5381,
5002,
4660,
7978,
9123,
9122,
5478,
8399,
9468,
1984,
7109,
7693,
169,
2379,
309,
6031,
6816,
9042,
9113,
2804,
549,
4889,
550,
7687,
9414,
6843,
4911,
9173,
1866,
4812,
9216,
9217,
732,
6414,
2113,
5820,
3092,
4921,
5312,
7504,
9525,
9273,
5716,
5489,
5692,
675,
6127,
1828,
6025,
8107,
8108,
5383,
5714,
9161,
9247,
5293,
745,
3156,
5020,
5259,
4913,
4914,
987,
5788,
5699,
9298,
5721,
5843,
9349,
854,
5949,
2623,
2842,
5118,
12755,
1195,
12796,
1931,
1534,
9822,
12795,
740,
1151,
12766,
2854,
1130,
1124,
2515,
5172,
2998,
5880,
9410,
5492,
5459,
9076,
4537,
6669,
1635,
9179,
6657,
6723,
607,
6658,
4271,
6338,
4709,
6803,
4627,
4734,
5951,
5498,
5269,
5469,
5098,
5702,
20,
61,
4086,
1269,
936,
7577,
1499,
5761,
1563,
4613,
2657,
5708,
9326,
6045,
9463,
5789,
9172,
5662,
4926,
5078,
5292,
6827,
870,
8923,
3810,
5262,
5946,
9327,
5563,
398,
7492,
9231,
1280,
1823,
430,
629,
5170,
5431,
2719,
6222,
2512,
3484,
4319,
5600,
8373,
12719,
12797,
2006,
8827,
2731,
2447,
5067,
5712,
5499,
7459,
5317,
5430,
5727,
7458,
5106,
4915,
3922,
804,
5726,
4733,
5725,
7471,
8276,
5318,
5668,
859,
6360,
5717,
5730,
12646,
1340,
9101,
5458,
917,
1266,
9271,
3782,
8942,
9201,
4919,
9028,
9077,
1806,
444,
3689,
8093,
5327,
8094,
12798,
7798,
9116,
6133,
7007,
6237,
6132,
8884,
8965,
6900,
2754,
457,
1966,
3001,
6850,
5010,
320,
397,
6659,
7491,
5735,
511,
8035,
2327,
4811,
8874,
8688,
649,
2263,
408,
6915,
8103,
7457,
7493,
3680,
6362,
9296,
3531,
1837,
3107,
1454,
5599,
6189,
6190,
5470,
746,
7981,
6881,
5723,
7964,
7095,
6958,
1239,
1684,
2872,
2457,
6998,
447,
2873,
6944,
5787,
4243,
1241,
2640,
3044,
7916,
4746,
7578,
5210,
5150,
817,
6137,
6138,
6139,
6140,
8291,
7209,
35,
9677,
9301,
9453,
9703,
8966,
9939,
9100,
8690,
8646,
6995,
10033,
12730,
7535,
9103,
8014,
738,
432,
7851,
7850,
8391,
9764,
6902,
9712,
8073,
7660,
8243,
9666,
9834,
1719,
7751,
4245,
8063,
10110,
7134,
7649,
548,
6849,
8036,
5460,
3259,
446,
1938,
6110,
3488,
4080,
10169,
9378,
7983,
8445,
8339,
8696,
2120,
3260,
4967,
9532,
7505,
1264,
2535,
10259,
8058,
9587,
8048,
8056,
3258,
364,
7799,
1999,
9397,
4125,
4210,
7669,
5179,
5995,
4007,
9933,
6611,
575,
3067,
12579,
9988,
10271,
7162,
9708,
486,
1392,
9739,
9400,
7648,
3600,
10520,
9862,
4704,
7133,
625,
8552,
2189,
4641,
5931,
8278,
6108,
6999,
7000,
9180,
4091,
10252,
4476,
7129,
9345,
9196,
4685,
7769,
8279,
8277,
10057,
9761,
12396,
2761,
7833,
7904,
731,
7832,
616,
3489,
6319,
7297,
2115,
6971,
937,
628,
617,
2491,
7165,
4252,
7353,
4353,
7906,
1478,
10238,
9888,
5258,
7411,
9114,
9041,
7543,
1662,
1362,
1614,
1629,
7775,
6937,
800,
154,
1338,
1810,
1047,
4194,
3793,
3791,
1995,
7376,
5071,
8511,
8512,
1418,
4261,
7354,
4453,
1923,
1922,
7370,
1495,
1085,
1305,
4205,
4803,
6693,
5116,
7920,
4922,
7072,
7350,
4804,
1381,
5382,
7556,
6788,
12738,
3976,
8008,
445,
1754,
7948,
7780,
3787,
6996,
5238,
3951,
7835,
7348,
7784,
5467,
1378,
7622,
8568,
9466,
3652,
4077,
7448,
733,
7949,
2264,
2265,
529,
7006,
5066,
9935,
4894,
4604,
9991,
9989,
10149,
7707,
3774,
3562,
3775,
9526,
9694,
9693,
6946,
10126,
2218,
10127,
896,
2306,
9932,
7923,
4961,
4925,
626,
4924,
3844,
1402,
1939,
1663,
7900,
3623,
1524,
9609,
6009,
5490,
8006,
1069,
307,
3118,
2902,
2639,
1691,
949,
4013,
10028,
10128,
9732,
1749,
2114,
2458,
3986,
4087,
3899,
2158,
8587,
9494,
9998,
2839,
7891,
6184,
8412,
8037,
8106,
10175,
3789,
7182,
3898,
4513,
4079,
4239,
3705,
363,
3616,
10415,
8105,
7892,
7368,
2229,
1824,
579,
10176,
2666,
9863,
7291,
1846,
754,
2370,
1071,
12377,
1726,
1070,
7212,
3012,
4477,
4512,
3987,
2901,
6030,
3543,
606,
2979,
815,
485,
7785,
1650,
201,
3842,
3530,
2380,
2281,
6447,
741,
1572,
1683,
679,
2658,
6220,
3029,
7705,
8111,
3979,
10091,
3796,
8046,
9754,
4451,
676,
4742,
7795,
8733,
8359,
8762,
8751,
8242,
8872,
7866,
8401,
3970,
4433,
175,
6079,
5209,
4730,
6709,
442,
310,
5001,
5178,
681,
3773,
680,
4426,
4729,
6240,
6415,
4728,
6241,
6242,
9679,
8125,
6166,
1538,
8110,
8212,
6845,
10111,
4731,
8824,
4584,
8467,
1940,
5994,
1620,
10025,
10629,
8694,
10269,
10242,
9676,
10153,
8812,
8850,
9570,
10297,
8753,
9690,
10180,
9665,
10219,
10082,
8752,
9569,
9128,
10384,
9030,
10328,
10317,
4541,
8689,
10148,
10096,
6846,
10250,
9814,
9902,
7001,
3483,
897,
5424,
5867,
756,
5849,
5850,
734,
5868,
10220,
7088,
8676,
9567,
5099,
8209,
4304,
8175,
5096,
8569,
4301,
3449,
1844,
880,
9710,
10147,
6681,
3936,
10333,
10334,
10330,
10331,
10332,
10335,
10329,
5127,
431,
7980,
12661,
10373,
10240,
10105,
10223,
10108,
9934,
10359,
2472,
3544,
10046,
8393,
7748,
10174,
1720,
10195,
5169,
9737,
9503,
9504,
10216,
418,
4165,
6243,
841,
10161,
4526,
7783,
9663,
9837,
8813,
2456,
4434,
8109,
2716,
3790,
45,
2596,
1377,
9303,
2576,
8454,
7424,
3595,
2289,
2288,
10114,
3625,
9818,
3280,
3058,
8045,
3946,
4250,
12478,
2127,
4910,
5846,
10097,
7868,
10673,
10059,
9889,
8652,
8804,
10474,
8022,
488,
7772,
2105,
10187,
10142,
1875,
4602,
8265,
7834,
8719,
9178,
4617,
10129,
10092,
647,
3461,
5663,
10595,
12676,
31,
2084,
8057,
8627,
7714,
7560,
7715,
6219,
736,
9047,
4312,
4209,
2131,
3131,
5476,
434,
6233,
8851,
1222,
2280,
2371,
7800,
3560,
9258,
1265,
2508,
3043,
6058,
8392,
9393,
9905,
3924,
8069,
3920,
4126,
8068,
3770,
10189,
9398,
10146,
11141,
9859,
8018,
12747,
2260,
10369,
7826,
8225,
8403,
8648,
1577,
12405,
10141,
10177,
10112,
9377,
8647,
9855,
9856,
10181,
9691,
3754,
1911,
12729,
6880,
6318,
11122,
10569,
11147,
8789,
8343,
4011,
4269,
7883,
7096,
10193,
2329,
177,
242,
2364,
2290,
7579,
9493,
9495,
10553,
8289,
3559,
4890,
8007,
8588,
3813,
10622,
3480,
2795,
9820,
2465,
10125,
10124,
2302,
4318,
9736,
2659,
8281,
8775,
8005,
9740,
8756,
7071,
4452,
10631,
8716,
9654,
3349,
10630,
1661,
2665,
3119,
2558,
3263,
8415,
6510,
10080,
10303,
10272,
2045,
2301,
8374,
5932,
3100,
6239,
1937,
8104,
338,
2469,
8282,
10659,
2624,
10254,
9776,
4431,
3082,
2627,
898,
3962,
5428,
5457,
10439,
381,
11154,
6223,
9678,
9586,
8275,
8811,
3479,
8033,
4642,
4135,
6369,
26,
8360,
8283,
1532,
176,
12518,
8551,
7155,
7154,
2997,
3950,
3780,
852,
9709,
5016,
3749,
4454,
4455,
874,
7810,
4583,
6446,
6445,
4006,
4582,
6509,
3561,
7156,
8258,
4819,
2762,
5804,
5590,
7918,
5366,
4885,
5652,
7781,
7782,
5471,
10388,
10344,
10086,
12688,
9348,
3108,
4430,
2390,
515,
2519,
236,
5160,
7475,
1590,
4481,
32,
7076,
6613,
9729,
4484,
4612,
6337,
5642,
6128,
8197,
1108,
7694,
5752,
8487,
6940,
6129,
9857,
2372,
8453,
4856,
7903,
5088,
7905,
12523,
2440,
567,
2642,
7420,
781,
1131,
1379,
9373,
10095,
10038,
9695,
8968,
8848,
4413,
3978,
1048,
5638,
6818,
5144,
5841,
4421,
4422,
2942,
1253,
208,
2776,
729,
12403,
730,
9127,
4522,
3593,
4251,
4411,
4412,
12739,
2060,
12696,
195,
62,
196,
590,
5477,
8964,
9329,
8906,
9545,
2812,
2838,
1986,
554,
555,
5197,
556,
5239,
5564,
5363,
12404,
3910,
4122,
4009,
4405,
8144,
4415,
2499,
1928,
2161,
1267,
5763,
6160,
2157,
2155,
339,
6167,
2048,
4084,
2382,
9045,
8274,
3132,
1098,
1655,
1585,
3538,
1520,
1468,
644,
8228,
530,
4402,
792,
7706,
528,
3613,
6168,
1933,
8790,
788,
832,
4057,
3624,
8166,
2798,
1764,
4227,
3815,
4425,
6235,
3918,
5253,
1329,
1722,
4294,
8229,
2822,
2811,
3142,
3010,
4432,
673,
758,
757,
1926,
2147,
1453,
1924,
7345,
7742,
4202,
993,
2156,
1066,
2963,
299,
4403,
992,
3584,
518,
813,
517,
4138,
5194,
5107,
6164,
7474,
9692,
8791,
372,
6668,
9763,
9786,
9784,
10418,
9785,
9469,
8738,
10093,
7997,
6623,
3619,
4414,
8529,
8319,
8318,
5180,
3923,
7876,
4428,
6162,
2560,
4507,
10241,
3128,
2777,
3002,
4877,
5255,
396,
9044,
8661,
8379,
8380,
8200,
10107,
8394,
8199,
8556,
9091,
8495,
9880,
8721,
9102,
8096,
3528,
2855,
3478,
3755,
19,
2191,
2595,
1721,
5271,
6293,
12656,
12657,
7054,
8306,
9766,
6165,
3788,
4404,
1145,
9602,
10621,
994,
1147,
5026,
3116,
2857,
3706,
12401,
6786,
4721,
7502,
7003,
3816,
6103,
5077,
5340,
4406,
4226,
4142,
6024,
5334,
5335,
5336,
5337,
5969,
8681,
4577,
5338,
6340,
4571,
4570,
4569,
6370,
3099,
4719,
6817,
4720,
7699,
8019,
8098,
7536,
7894,
8860,
7663,
4093,
3792,
4352,
6612,
3351,
8861,
9412,
1745,
12485,
7501,
5594,
6750,
7746,
9783,
8683,
966,
615,
1361,
2779,
404,
2769,
9700,
3769,
9189,
9203,
9205,
9204,
9206,
4723,
7010,
6924,
6815,
6824,
6683,
4950,
5216,
6028,
5483,
5965,
5491,
9268,
6109,
9774,
2965,
5006,
3977,
9059,
7559,
8649,
9346,
9361,
9330,
9115,
9773,
9853,
6925,
6690,
9775,
2182,
9048,
5420,
5074,
2870,
2871,
8839,
1533,
5126,
4012,
3965,
918,
5423,
5422,
5425,
6620,
1748,
1773,
1817,
9130,
8963,
8961,
8959,
8960,
9001,
9000,
9002,
1106,
1107,
4506,
4317,
4315,
5765,
4237,
4805,
5592,
12727,
1104,
1105,
4344,
9129,
5893,
2201,
842,
860,
5024,
3804,
5217,
5764,
5604,
5373,
2605,
5333,
5963,
5013,
4549,
4548,
4546,
6553,
3109,
6026,
7809,
6819,
9035,
715,
8852,
4346,
4717,
5012,
6993,
2246,
2247,
3590,
10345,
10078,
9792,
894,
9211,
2575,
6136,
7755,
10194,
9796,
10361,
3008,
4128,
2578,
2439,
1000,
8174,
10150,
9762,
9049,
10079,
10155,
10098,
10217,
2609,
1544,
8840,
8838,
2203,
3591,
8553,
1819,
1818,
3070,
10026,
8580,
9437,
8836,
10158,
3859,
5021,
4816,
10248,
7951,
7979,
8792,
7590,
5022,
893,
3974,
7048,
2626,
2551,
5092,
7767,
7277,
1632,
1651,
2248,
2396,
1959,
1993,
7909,
7925,
6800,
8294,
7125,
8150,
9661,
2944,
6820,
7659,
6821,
7549,
7256,
6949,
713,
714,
716,
717,
2729,
10288,
5097,
1703,
3797,
2445,
4200,
2208,
2209,
1955,
2513,
568,
2366,
7257,
7593,
7597,
6823,
6822,
3587,
764,
3798,
3900,
2219,
2336,
2266,
1298,
2328,
4912,
6347,
2959,
2884,
3778,
7002,
4815,
4753,
8052,
7628,
7078,
7077,
8271,
8695,
8365,
10362,
10017,
1751,
4724,
3208,
989,
797,
3158,
3589,
3588,
2245,
5552,
4754,
646,
7750,
7063,
5011,
8406,
10113,
9221,
4092,
10535,
10487,
8366,
8833,
8862,
9202,
8145,
8757,
8112,
7105,
4722,
7538,
8418,
8085,
8173,
8233,
9257,
8539,
8871,
10563,
8895,
9438,
7592,
5091,
5090,
7591,
3201,
6336,
816,
9399,
8410,
9546,
9534,
9533,
9256,
10512,
10517,
10284,
10285,
9270,
9195,
10530,
2181,
7788,
7787,
8345,
8384,
8678,
7069,
9854,
10537,
9592,
9566,
8092,
7286,
8100,
8165,
8930,
8841,
8004,
7858,
10376,
10453,
9571,
2488,
7860,
8892,
8894,
8893,
8869,
5639,
4298,
5115,
4900,
5125,
4850,
1816,
3453,
12479,
7959,
7960,
2797,
4123,
4186,
8049,
8095,
8044,
4745,
9588,
9883,
9713,
2692,
9402,
5488,
895,
8523,
5593,
3325,
8837,
500,
9937,
9944,
9664,
7164,
4851,
8692,
8674,
8675,
8693,
8673,
8691,
8697,
7244,
5023,
7451,
10249,
4817,
7976,
5848,
10106,
4718,
3281,
308,
8213,
8072,
7990,
4855,
376,
5416,
1307,
1103,
5445,
6847,
4259,
191,
1,
187,
190,
1174,
1317,
189,
5236,
5828,
1258,
12726,
12392,
94,
93,
1457,
1302,
1198,
95,
1458,
12758,
12744,
90,
92,
12723,
12790,
12409,
1077,
3065,
1286,
3601,
591,
6464,
1137,
998,
1194,
161,
1287,
7595,
2377,
1573,
1574,
1575,
5130,
10015,
10030,
10027,
3490,
1436,
1463,
2378,
51,
3210,
3211,
2961,
1980,
1979,
1681,
7060,
2004,
2579,
197,
12413,
1464,
12694,
1369,
2160,
778,
799,
12762,
188,
3278,
1953,
1099,
3849,
12690,
1163,
938,
3491,
4732,
2307,
12487,
2415,
1132,
1133,
3776,
12607,
171,
7644,
12640,
12756,
12686,
1330,
162,
12687,
2693,
2532,
1570,
1571,
1576,
9140,
1268,
1685,
1750,
1465,
2262,
12763,
1136,
1189,
4647,
5128,
6938,
2727,
10652,
10014,
576,
5818,
3485,
1075,
286,
1712,
0,
12527,
1134,
1235,
2188,
1395,
1503,
7961,
1404,
12526,
5823,
4868,
2775,
8650,
1692,
4208,
1672,
116,
12645,
2521,
3149,
8375,
8835,
163,
1435,
2369,
2533,
115,
1193,
1686,
5997,
6778,
7993,
912,
202,
7867,
2771,
10191,
319,
7692,
4960,
12799,
429,
4706,
2981,
3620,
2772,
12745,
4634,
1254,
5426,
6531,
5718,
6959,
6869,
6767,
4686,
6651,
9200,
8400,
9171,
9117,
1382,
7355,
9260,
10031,
6665,
8053,
2756,
818,
12753,
8021,
3781,
4166,
4483,
1421,
1445,
194,
5749,
2279,
419,
4188,
409,
10660,
6125,
4193,
6666,
4632,
4633,
2480,
9464,
1155,
2610,
2707,
557,
1921,
881,
1391,
739,
6796,
4450,
8928,
1341,
2197,
1083,
3032,
1769,
931,
1419,
3969,
2732,
3526,
1948,
4876,
6177,
5008,
8159,
3710,
4137,
2473,
7647,
4449,
12734,
2968,
2999,
12631,
3033,
879,
1981,
3527,
2522,
2845,
255,
2154,
2051,
605,
8516,
8273,
8542,
8038,
3324,
1502,
1087,
1631,
2038,
2040,
3777,
377,
12652,
12418,
12737,
8677,
1349,
4130,
2780,
2805,
10365,
3144,
7183,
8907,
2192,
5070,
4416,
5811,
5814,
5812,
5038,
5037,
5145,
7838,
9332,
6011,
5637,
2482,
659,
7319,
5297,
6615,
1588,
12608,
9112,
4418,
5864,
6760,
1319,
7335,
592,
8177,
8358,
1360,
4538,
1160,
4409,
1143,
237,
1952,
414,
1604,
3963,
6169,
7347,
5119,
6171,
7671,
401,
6175,
6176,
4420,
9104,
6221,
12693,
6667,
7626,
1519,
4693,
3960,
1363,
3983,
3982,
4309,
1084,
5141,
2921,
2874,
1115,
7452,
831,
1540,
12701,
10144,
1763,
923,
6964,
12468,
4692,
4419,
1587,
2534,
2200,
114,
6674,
7346,
7093,
7513,
12707,
3130,
4236,
2211,
2643,
4408,
5009,
7878,
833,
3995,
7255,
7664,
6191,
8210,
8064,
3719,
3845,
3964,
4417,
4136,
2481,
1630,
5591,
8735,
10608,
8736,
10387,
614,
254,
2796,
3430,
3428,
3653,
3690,
2086,
4694,
7907,
7908,
4616,
4615,
3022,
1441,
5815,
2514,
4879,
5270,
1282,
1088,
460,
12591,
5329,
7801,
2568,
924,
458,
10678,
9105,
8011,
9922,
8160,
8161,
8163,
8853,
459,
3326,
405,
253,
243,
4407,
4246,
7428,
5845,
2492,
946,
2166,
5847,
6188,
4631,
6945,
6185,
6187,
6939,
12482,
916,
5487,
1383,
12675,
9302,
1240,
868,
6047,
34,
3157,
3961,
8722,
2980,
6530,
4078,
2446,
2920,
5151,
5325,
4820,
91,
6186,
5625,
5624,
4735,
12614,
7739,
4299,
5291,
12537,
5015,
2180,
1497,
12650,
6997,
5314,
5324,
6960,
914,
3843,
911,
1116,
3779,
1144,
30,
1559,
1565,
1567,
1568,
1569,
1564,
1566,
1146,
1148,
172,
1836,
7776,
7994,
7688,
9012,
24,
1255,
23,
765,
4515,
6604,
858,
6874,
5482,
8825,
8998,
8669,
5031,
5316,
6013,
5117,
5341,
5218,
5219,
7869,
1138,
1135,
28,
1263,
8583,
27,
4727,
6785,
7561,
6010,
4547,
6236,
5290,
5465,
155,
156,
12746,
33,
2337,
198,
5132,
1256,
12765,
205,
204,
6361,
8250,
3557,
12757,
8710,
153,
1960,
1916,
2284,
3282,
3994,
7766,
5220,
5221,
1120,
209,
12536,
2221,
2220,
2494,
8750,
10045,
7910,
3811,
1119,
1118,
3346,
2121,
1273,
12735,
1882,
1584,
2460,
2450,
1367,
12748,
2080,
4224,
762,
3738,
819,
3668,
2903,
3000,
25,
4143,
3984,
7004,
1826,
1406,
5030,
5133,
7862,
12764,
203,
5326,
298,
5651,
12750,
1951,
719,
3542,
3554,
2717,
1985,
3784,
2376,
7962,
1994,
1770,
2438,
1746,
2052,
12715,
1292,
1299,
2125,
12411,
12794,
1283,
5027,
436,
8216,
8581,
8172,
7777,
2718,
8881,
285,
284,
2813,
9163,
1237,
2326,
2350,
46,
12754,
12595,
1197,
1196,
2044,
2509,
1233,
2046,
4516,
2809,
2799,
2778,
4751,
4127,
2820,
1861,
2500,
3307,
1812,
399,
7540,
11111,
9055,
2571,
12610,
12609,
8214,
4725,
4726,
7631,
8247,
2001,
1827,
1296,
3677,
210,
2122,
2123,
1289,
2107,
2943,
2116,
12677,
2223,
2222,
2564,
3122,
1987,
12749,
12695,
6044,
1725,
1272,
3783,
10289,
8882,
6764,
9436,
9919,
8215,
10256,
11144,
9524,
8743,
10253,
9887,
9583,
10115,
8742,
12593,
12594,
1227,
3121,
7539,
8272,
5954,
3187,
2520,
1400,
212,
1401,
2994,
2996,
3265,
9860,
1988,
107,
12400,
9070,
8062,
6526,
9243,
3254,
656,
657,
3805,
3808,
3809,
4427,
4678,
6327,
6328,
6736,
6737,
6895,
12495,
106,
103,
12788,
58,
6368,
6747,
7606,
1326,
54,
56,
55,
5343,
1578,
12414,
1327,
1945,
501,
6359,
6364,
12428,
1220,
5252,
1944,
57,
6783,
10184,
6680,
59,
6172,
99,
159,
101,
178,
1090,
1946,
1942,
1973,
2095,
353,
586,
587,
620,
622,
635,
760,
1015,
3675,
3818,
3955,
4134,
4931,
5005,
5698,
6226,
4623,
4624,
6099,
7352,
7365,
7366,
7367,
7736,
7760,
7762,
7875,
7207,
7268,
9611,
10440,
132,
134,
135,
136,
138,
157,
7179,
4661,
6254,
6144,
5486,
1887,
3512,
3501,
3502,
9154,
6913,
7873,
6914,
5250,
5345,
5167,
5452,
5649,
5686,
6224,
6225,
6227,
6247,
6091,
9419,
10103,
5347,
5543,
5545,
995,
997,
996,
12496,
12494,
12493,
3914,
3915,
10102,
12492,
12490,
12491,
8771,
9963,
7842,
6908,
6909,
10232,
9746,
4501,
7473,
9870,
3175,
12477,
6394,
3459,
8320,
7975,
6638,
6639,
7371,
10049,
9747,
9069,
6174,
6096,
6097,
5782,
9354,
10391,
4622,
3447,
6687,
8169,
1983,
1976,
4972,
6391,
6390,
7555,
1690,
1517,
1758,
200,
1425,
105,
6748,
6118,
6592,
6406,
7640,
9726,
8566,
8220,
8263,
6371,
6372,
6143,
6407,
8672,
9521,
9529,
9881,
11137,
3731,
1888,
3062,
97,
1246,
1221,
1872,
1990,
1424,
2300,
6705,
8203,
9053,
9390,
3723,
3500,
925,
3725,
3726,
3727,
3728,
4750,
7470,
7468,
7269,
7271,
7874,
2299,
3865,
467,
443,
3716,
4424,
1064,
4935,
8544,
7223,
3458,
7969,
6597,
7224,
7180,
9394,
9395,
9674,
10355,
6195,
10166,
2495,
2315,
6507,
6776,
5756,
6197,
5753,
6087,
6088,
6101,
6289,
5348,
6098,
6084,
6085,
5540,
5646,
5541,
5346,
6777,
6106,
1997,
3724,
602,
926,
621,
668,
669,
670,
776,
773,
774,
855,
853,
876,
1012,
1014,
1046,
3743,
3617,
3740,
3742,
3540,
3935,
3839,
3933,
3934,
4020,
4222,
4799,
4374,
4375,
4401,
4394,
4395,
4888,
4887,
4810,
4907,
4906,
4994,
4995,
4998,
5138,
5251,
5137,
5168,
5323,
5332,
5407,
5401,
5434,
5435,
5436,
5446,
5447,
5448,
5454,
5455,
5472,
5473,
5557,
5622,
5623,
5648,
5633,
5650,
5657,
5681,
5685,
5697,
5783,
5784,
5647,
5859,
5948,
5967,
6055,
6201,
6203,
6204,
6206,
6329,
6345,
6411,
6412,
6410,
6508,
7021,
6290,
5544,
6870,
6911,
7022,
7023,
7759,
7899,
7066,
7068,
7150,
8387,
8386,
8388,
8801,
9058,
9087,
9197,
9388,
9522,
9633,
9634,
9756,
9755,
9757,
9844,
9845,
9846,
9894,
10006,
10089,
10160,
10261,
10295,
11205,
6100,
6634,
5539,
4736,
5230,
5542,
170,
9289,
9185,
5349,
6075,
5419,
5417,
6310,
5418,
6438,
6935,
2295,
2368,
3503,
5781,
6292,
8519,
6440,
6441,
1873,
8431,
260,
9389,
9244,
11178,
3176,
8711,
1747,
2388,
2663,
2969,
2970,
2971,
3256,
411,
412,
6603,
9372,
1149,
8478,
8479,
2782,
2783,
2883,
2750,
12698,
12697,
2085,
2940,
174,
1628,
1780,
1562,
104,
1422,
12789,
1423,
3454,
8901,
8350,
3448,
1257,
98,
1625,
2297,
2298,
9450,
4482,
2313,
4502,
4504,
4503,
2817,
9871,
9872,
9873,
502,
2948,
2949,
8629,
10665,
9931,
2497,
2496,
1259,
8347,
9635,
4620,
9067,
4621,
6086,
6092,
9973,
10357,
10358,
9068,
6094,
4625,
6083,
6093,
6090,
6089,
6102,
1091,
1102,
1427,
1602,
1622,
1623,
1624,
1500,
1501,
1724,
1682,
1832,
1833,
1834,
1992,
2206,
2194,
2351,
2352,
2353,
2354,
2355,
2479,
2702,
2703,
2704,
2705,
2841,
2916,
2917,
2918,
2928,
2972,
2973,
2974,
3063,
3136,
3127,
3137,
3138,
3246,
3319,
3320,
3321,
3333,
3334,
3335,
3400,
3407,
3513,
261,
266,
267,
296,
329,
330,
333,
455,
350,
351,
422,
423,
424,
456,
512,
4021,
4748,
4749,
4292,
4341,
4392,
4393,
4396,
4397,
4886,
6076,
6645,
6228,
6229,
6344,
6095,
8505,
8506,
8507,
8660,
8726,
9083,
9358,
9461,
10260,
10523,
10524,
10668,
11179,
10645,
11180,
4619,
9357,
8632,
2829,
3034,
2832,
2592,
2540,
2367,
2171,
2296,
2172,
12426,
7284,
8707,
9246,
6151,
6753,
3391,
3393,
5538,
3392,
5485,
7439,
7438,
7734,
7735,
7901,
7902,
7259,
7260,
9488,
9489,
9772,
6122,
4703,
6299,
3607,
3381,
7938,
7712,
6974,
5680,
6027,
7469,
8573,
5093,
6641,
6008,
9448,
8807,
3395,
3396,
4611,
10183,
7440,
4677,
3404,
108,
109,
7467,
3389,
100,
102,
7176,
7178,
9598,
9152,
5747,
9893,
3439,
4744,
5089,
5611,
5610,
3384,
3441,
6367,
7711,
6366,
3398,
3399,
3401,
3744,
3745,
3746,
7532,
7483,
5947,
250,
251,
3741,
5660,
7121,
3455,
6146,
7351,
9254,
10648,
12489,
6989,
3747,
3748,
3750,
1387,
1389,
12461,
1388,
2032,
1192,
1191,
1203,
2599,
2598,
1371,
2079,
2242,
2014,
2064,
12621,
2065,
12600,
12532,
12624,
1173,
1172,
2261,
12605,
1167,
2037,
2036,
1372,
2179,
2066,
2068,
2071,
2029,
2072,
1357,
41,
12626,
144,
2149,
2021,
1168,
2078,
2236,
1595,
43,
42,
1097,
6990,
246,
247,
499,
497,
2090,
2240,
143,
2175,
1638,
12780,
2067,
124,
12625,
1170,
2088,
119,
2177,
1175,
1096,
16,
2150,
2073,
2077,
147,
2034,
2033,
15,
12761,
2152,
1355,
1176,
1093,
1092,
12603,
1396,
1209,
2151,
2030,
12722,
13,
2239,
2241,
141,
1358,
1598,
2258,
12620,
2013,
2031,
1354,
2614,
12530,
12529,
1094,
12776,
12775,
2617,
2020,
2056,
2237,
2235,
12604,
12533,
44,
1599,
2028,
12462,
151,
150,
12599,
5403,
1601,
12596,
2027,
12623,
1484,
1352,
10,
12773,
1488,
1213,
121,
40,
12598,
1208,
2174,
2093,
2062,
2238,
2259,
1359,
12774,
2043,
2070,
2018,
1169,
2955,
2035,
2019,
1101,
1188,
2176,
2022,
8,
2069,
215,
216,
12627,
2178,
39,
37,
17,
146,
12710,
1185,
38,
9,
120,
2342,
2343,
2012,
2011,
2015,
1095,
18,
12779,
12778,
1211,
14,
2344,
2345,
2243,
1597,
12602,
1212,
2634,
1486,
1487,
1100,
128,
1206,
12654,
2092,
2091,
2257,
1210,
1204,
1205,
123,
2603,
1171,
122,
2042,
3405,
3715,
3390,
3378,
12398,
7174,
7646,
8135,
7175,
9487,
8475,
3766,
3767,
8509,
6130,
3386,
3173,
3172,
3402,
11176,
8337,
8338,
9072,
11177,
9073,
8326,
8327,
8328,
8329,
7487,
7527,
7525,
7484,
7486,
7569,
7528,
3199,
3520,
9646,
9753,
8296,
3397,
6642,
3174,
10617,
10616,
6006,
9579,
3394,
3178,
8241,
12465,
3456,
7124,
7914,
3508,
3510,
3507,
1730,
1731,
1733,
12700,
12699,
12612,
12617,
12613,
12615,
230,
2833,
12717,
1278,
227,
2835,
1802,
2954,
1743,
1744,
1768,
1822,
234,
10613,
498,
1803,
1801,
232,
226,
1804,
1356,
1741,
12531,
1277,
1276,
2619,
1742,
2074,
1274,
2024,
2953,
2951,
2618,
2950,
1275,
1279,
1600,
1481,
1353,
222,
2600,
2602,
2601,
1805,
2346,
217,
2834,
2616,
2023,
2026,
2956,
220,
221,
1737,
2016,
1736,
1739,
1740,
2830,
1734,
12711,
12712,
233,
1166,
2604,
1735,
218,
219,
1738,
12718,
10615,
6150,
5758,
8349,
8138,
3387,
6149,
6343,
3451,
3452,
7645,
7173,
7024,
8141,
8409,
3169,
3440,
6194,
5095,
3171,
5583,
3505,
3506,
3450,
3860,
7761,
8155,
8255,
7437,
5007,
2097,
10050,
1845,
9531,
4199,
610,
5158,
5556,
5878,
2096,
6209,
5157,
9917,
10213,
10212,
9158,
9255,
7639,
7242,
3179,
613,
4321,
5161,
8206,
5682,
3383,
1011,
2840,
1325,
12782,
1843,
3608,
1332,
1337,
12783,
1476,
1431,
6954,
7732,
7283,
12786,
12787,
8510,
1247,
1249,
942,
1040,
4198,
5546,
6525,
6534,
6868,
7055,
7282,
1474,
6907,
10583,
6433,
7585,
1056,
9681,
9682,
9683,
9957,
12464,
910,
5285,
5286,
5287,
6749,
10263,
5746,
7937,
7036,
9621,
7936,
9580,
7038,
3509,
483,
5159,
5825,
4599,
4598,
4743,
6506,
6759,
7017,
7358,
7359,
7944,
8012,
8207,
8351,
8936,
9219,
9632,
9659,
3504,
5391,
5371,
7114,
8142,
7103,
6317,
6927,
7974,
5165,
6078,
4575,
6504,
6637,
1732,
1390,
6158,
7112,
7971,
8355,
6931,
7972,
8239,
7065,
5394,
5393,
5395,
8254,
5164,
6250,
12474,
8260,
6755,
5379,
8251,
6930,
6700,
6928,
8030,
5390,
5380,
4639,
5374,
6484,
6483,
6926,
6284,
6572,
6231,
5378,
5163,
5135,
5399,
6929,
6251,
5397,
12616,
5198,
4574,
6286,
5166,
7779,
6232,
5372,
6159,
8253,
8354,
7571,
6756,
7445,
6703,
6593,
6702,
5377,
7444,
8340,
6157,
6932,
6636,
7973,
7442,
5376,
8240,
7828,
7104,
6001,
5580,
8598,
8599,
8603,
6002,
5581,
7117,
7116,
8597,
6003,
5582,
6004,
5584,
6252,
6594,
7443,
6635,
4572,
6573,
5389,
5322,
7200,
6249,
6248,
8252,
6701,
12618,
5392,
3764,
5398,
6708,
6575,
437,
4573,
8356,
7572,
7829,
8204,
5375,
12458,
225,
6860,
7199,
636,
4114,
4115,
3931,
3806,
3807,
4116,
4118,
3947,
4866,
4117,
10136,
3802,
5755,
6579,
5405,
8424,
12716,
1700,
12619,
6720,
149,
2138,
6627,
142,
4180,
6131,
1678,
2017,
9294,
4182,
2620,
5413,
6578,
6482,
4809,
6313,
2139,
10040,
4445,
145,
4444,
5414,
2786,
1556,
148,
2041,
12601,
2789,
1328,
1186,
4293,
6283,
6355,
6312,
571,
192,
5979,
2332,
2076,
1613,
1609,
1057,
6577,
8267,
3605,
6628,
12628,
5231,
4797,
7413,
1558,
4181,
1557,
12777,
1612,
574,
3139,
7254,
3800,
6353,
4183,
4740,
4446,
1680,
1043,
6625,
4179,
6624,
1373,
6586,
7763,
4296,
9518,
9945,
12653,
6607,
3897,
4113,
2089,
4295,
2541,
2542,
1991,
2063,
7328,
7327,
12664,
22,
1490,
6356,
566,
565,
7241,
4875,
7206,
2785,
2094,
12622,
5412,
4112,
9928,
7764,
1059,
5404,
564,
1485,
4801,
5402,
1376,
1480,
1365,
1294,
826,
4800,
1042,
1044,
7239,
2134,
1013,
4796,
3930,
5408,
1041,
3606,
4290,
2414,
4291,
5573,
795,
1187,
126,
2413,
6587,
6942,
6357,
2173,
160,
152,
6352,
4946,
6350,
6643,
1611,
1058,
4297,
12781,
7361,
7267,
4184,
1610,
127,
5575,
865,
1207,
1165,
2787,
2621,
5409,
2654,
4005,
4019,
1045,
6057,
6943,
4410,
6721,
6640,
4665,
825,
2153,
7745,
9227,
2294,
2416,
2417,
1962,
2112,
3104,
906,
5279,
5278,
292,
3467,
3468,
3469,
3470,
3471,
3472,
3473,
3475,
3477,
3476,
3474,
573,
572,
3838,
4372,
9084,
9915,
4936,
6005,
5944,
9363,
10509,
7686,
7912,
545,
546,
585,
674,
3799,
5548,
5658,
4505,
5574,
5945,
4667,
6393,
7326,
6757,
8442,
9027,
9707,
1082,
3537,
4289,
5362,
4288,
5361,
6395,
5576,
7144,
5709,
5840,
9060,
9706,
9159,
6535,
6536,
6758,
9367,
8088,
9369,
9343,
9368,
9629,
10291,
9342,
7872,
7143,
9362,
9365,
9366,
1897,
2573,
3162,
3091,
2331,
1958,
2164,
2851,
2212,
1898,
2118,
1154,
1128,
1561,
12784,
241,
1180,
1179,
111,
112,
1129,
1271,
1374,
1475,
1621,
1530,
1529,
1679,
1957,
1943,
1956,
2061,
2228,
2254,
2544,
2593,
2706,
2937,
3007,
368,
331,
588,
1017,
944,
6342,
7026,
7025,
6503,
5353,
5139,
5351,
5350,
5360,
6341,
5352,
4468,
2361,
2363,
2574,
3739,
782,
9597,
10159,
6301,
9153,
5760,
7205,
9121,
8140,
8565,
10072,
6537,
7511,
7204,
4666,
8938,
9892,
6300,
7046,
8577,
8259,
6699,
4638,
9120,
6698,
6193,
6351,
5415,
4713,
3385,
5711,
10262,
10279,
10071,
4701,
8286,
9985,
8439,
8089,
6616,
6590,
6617,
6588,
6589,
7047,
8136,
6396,
10090,
7526,
5759,
3457,
248,
5406,
3406,
9370,
5743,
5742,
8535,
8501,
8803,
8684,
1688,
3168,
7533,
6210,
10578,
8332,
10611,
8334,
8335,
10579,
10508,
10507,
3198,
3519,
6155,
6154,
6156,
6153,
3380,
8702,
8701,
8828,
8188,
8829,
10265,
10266,
8503,
10603,
1696,
9647,
9648,
8774,
3521,
4825,
3124,
6007,
8297,
2255,
3126,
1323,
1324,
1477,
1842,
1248,
3177,
407,
427,
2939,
3382,
510,
12463,
7123,
8802,
7913,
290,
3511,
8440,
11112,
8888,
521,
522,
293,
428,
2256,
2891,
332,
2915,
295,
2471,
2075,
3089,
2906,
294,
3248,
2615,
2633,
3090,
2892,
3409,
3249,
509,
2025,
3087,
3088,
2784,
3861,
2831,
2664,
3161,
3102,
2853,
2929,
2930,
3140,
3141,
291,
297,
472,
349,
524,
1809,
523,
2293,
10649,
2567,
2434,
2852,
2589,
3160,
3197,
5094,
6152,
12691,
1603,
1594,
1528,
1807,
2849,
2938,
3078,
3077,
3079,
3080,
3125,
259,
257,
2594,
8232,
2359,
12475,
2356,
2357,
2358,
12476,
892,
4798,
4047,
891,
5741,
2360,
12427,
4467,
12399,
10352,
10342,
7970,
3862,
3863,
2792,
2791,
2251,
3038,
4044,
8744,
3037,
2362,
3036,
3035,
8619,
5748,
3730,
4376,
10429,
8797,
3154,
2252,
5757,
3522,
2250,
654,
3039,
3379,
3729,
10575,
4400,
4201,
2253,
8013,
12785,
1452,
3134,
394,
474,
475,
476,
369,
370,
371,
473,
374,
373,
393,
468,
391,
477,
392,
478,
479,
375,
480,
395,
482,
439,
481,
440,
438,
8564,
866,
3408,
268,
352,
672,
8285,
10135,
10296,
348,
12397,
5464,
6105,
10156,
10339,
4390,
4905,
9125,
9145,
5982,
5551,
2850,
5328,
7557,
7203,
935,
4139,
7167,
5017,
4083,
6282,
7804,
9146,
6199,
7946,
4645,
6238,
9899,
947,
7805,
663,
8189,
9360,
3056,
7425,
8608,
8941,
5601,
10542,
9098,
4802,
9278,
8593,
9124,
5974,
4646,
7562,
8781,
7052,
9147,
8606,
8863,
9787,
9573,
802,
6073,
4933,
6308,
9821,
5722,
5232,
5240,
7426,
5830,
7947,
5254,
4249,
4248,
873,
8607,
7490,
4864,
3753,
3120,
578,
9279,
7356,
8605,
9574,
8832,
9711,
7884,
3097,
532,
531,
2806,
8826,
7811,
8290,
8202,
3771,
7035,
5129,
360,
593,
11200,
9918,
8612,
4263,
1020,
534,
627,
2758,
945,
7298,
570,
8485,
8486,
2728,
2757,
2760,
608,
1068,
922,
552,
4752,
603,
7885,
10419,
10218,
7427,
8609,
8618,
4510,
7166,
2759,
9795,
9794,
9838,
10302,
5018,
5120,
10192,
3492,
4048,
4187,
4480,
3064,
4479,
2807,
2808,
5588,
6719,
6281,
5479,
535,
9968,
10157,
8740,
3257,
